{
  "type": "FeatureCollection",
  "features": [
    {
      "type": "Feature",
      "geometry": {
        "type": "LineString",
        "coordinates": [
          [
            9.865573882707395,
            55.887563243051666
          ],
          [
            9.873985290178098,
            55.886708829284586
          ],
          [
            9.873866200359771,
            55.88605898086838
          ],
          [
            9.87388229361386,
            55.88563175977809
          ],
          [
            9.874005675228545,
            55.885237629109064
          ],
          [
            9.874112963589141,
            55.88499994532071
          ],
          [
            9.874348997982452,
            55.88477128612534
          ],
          [
            9.874976634891937,
            55.884292902662196
          ],
          [
            9.874928355129668,
            55.88390176714779
          ],
          [
            9.875314593227813,
            55.88354673303764
          ],
          [
            9.875550627621124,
            55.88313452834444
          ],
          [
            9.875749111088226,
            55.88269523969264
          ],
          [
            9.874177336605499,
            55.88228001708168
          ],
          [
            9.873775005253265,
            55.88223187504235
          ],
          [
            9.87339949599118,
            55.88225293719189
          ],
          [
            9.869183063419769,
            55.883161607619186
          ],
          [
            9.869306445034454,
            55.88414547512343
          ],
          [
            9.870170116337249,
            55.884301928819845
          ],
          [
            9.870534896763274,
            55.88511126575722
          ],
          [
            9.87013792982907,
            55.88529178470535
          ],
          [
            9.869837522419402,
            55.88533390567244
          ],
          [
            9.869472741993377,
            55.88522258587445
          ],
          [
            9.867605924519012,
            55.88506312722926
          ],
          [
            9.86741280546994,
            55.8835316891477
          ],
          [
            9.865020275028655,
            55.8839258371394
          ],
          [
            9.865573882707395,
            55.887563243051666
          ]
        ]
      },
      "properties": {}
    }
  ]
}